asset_id,kind,active,public,original_file_name,source_backup_file,served_file,content_type,bytes,sha256,public_media_url,status,review_note,unused_candidate_file,source_backup_verified,transparent_pixel_fraction
01feadcf-d67a-432d-ae99-ae3f6013b702,PRODUCT,true,true,shadow_spf_50_cream.jpg,9765a75ab95a4cbf9989ce2a9f1aa660.jpg,transparent-01feadcfd67a432dae99ae3f6013b702.png,image/png,486562,a296e9f6759492efaf33c8c3fd5fc73328311a6e007ba30a48fab9ec49cdcc32,/api/site/media/01feadcf-d67a-432d-ae99-ae3f6013b702,converted-transparent-png,"Verified PNG RGBA with real alpha through the live media endpoint; source dimensions preserved, and all U2Net output RGB pixels matched originals exactly (logo used a separate white-key path); stable media GUID URL retained.",,yes; source length and SHA-256 match pre-conversion metadata,0.37786
02f6be80-0e05-4a2b-bb39-cdc0a77bd27b,PRODUCT,true,true,well_spring_whey_o_life_200gm.jpg,99bbef7c088a48f0ad951f888fa16b0e.jpg,transparent-02f6be800e054a2bbb39cdc0a77bd27b.png,image/png,445874,bafa406b065d473e457c0538fbe516b290e09d6d3ceee5b65076e818be820de9,/api/site/media/02f6be80-0e05-4a2b-bb39-cdc0a77bd27b,converted-transparent-png,"Verified PNG RGBA with real alpha through the live media endpoint; source dimensions preserved, and all U2Net output RGB pixels matched originals exactly (logo used a separate white-key path); stable media GUID URL retained.",,yes; source length and SHA-256 match pre-conversion metadata,0.48166
03dd6524-0fc5-401b-9e52-e5ac54eb2096,PRODUCT,true,true,himalaya_baby_shampoo_200ml.jpg,b5a1198d32774202ac4723ce1e9f5fcb.jpg,transparent-03dd65240fc5401b9e52e5ac54eb2096.png,image/png,161771,b0b71f8b8522623f0da06ca08827eb7ec832a586706126ea0882e1263bf3faa6,/api/site/media/03dd6524-0fc5-401b-9e52-e5ac54eb2096,converted-transparent-png,"Verified PNG RGBA with real alpha through the live media endpoint; source dimensions preserved, and all U2Net output RGB pixels matched originals exactly (logo used a separate white-key path); stable media GUID URL retained.",,yes; source length and SHA-256 match pre-conversion metadata,0.84331
04d8cd99-635a-4d33-a74f-abd73c3c65d9,PRODUCT,false,false,Screenshot 2026-09-12 130056.png,2467140a0b44439b956c49f94075a560.png,2467140a0b44439b956c49f94075a560.png,image/png,135362,10466126fcc3e4862d7442ab724438ac69b07db05fcd23a11c13f440582b79f0,,inactive-preserved,Inactive/private media record; preserved as-is.,,,
05628997-4960-4062-8ba4-a55cccdc7332,PRODUCT,true,true,anhh-derma-test.jpg,9aaf7c09f40b45c6ae1fc44991641d40.jpg,transparent-05628997496040628ba4a55cccdc7332.png,image/png,613075,3009f58279c550a09ba1adee355c769e9ae302ae7b5421f956c319252192af91,/api/site/media/05628997-4960-4062-8ba4-a55cccdc7332,converted-transparent-png,"Verified PNG RGBA with real alpha through the live media endpoint; source dimensions preserved, and all U2Net output RGB pixels matched originals exactly (logo used a separate white-key path); stable media GUID URL retained.",,yes; source length and SHA-256 match pre-conversion metadata,0.53958
07550023-84ec-4c17-9f7a-31984e3a80b8,PRODUCT,true,true,elletra_niacinamide_serum.jpg,0a8b4ca0f9cf46a889af7f2110de6bce.jpg,transparent-0755002384ec4c179f7a31984e3a80b8.png,image/png,208848,c9919af2a3d21f9680476874cbfc7a1cd5cd7ef80453077a6f2a085b293e5d74,/api/site/media/07550023-84ec-4c17-9f7a-31984e3a80b8,converted-transparent-png,"Verified PNG RGBA with real alpha through the live media endpoint; source dimensions preserved, and all U2Net output RGB pixels matched originals exactly (logo used a separate white-key path); stable media GUID URL retained.",,yes; source length and SHA-256 match pre-conversion metadata,0.53609
088550ee-d030-4871-8a14-6a9601f98a86,PRODUCT,true,true,cetaphil_moisturizing_cream_jar.jpg,655e7d36f05b480eb11c4c467bfdeaf7.jpg,transparent-088550eed03048718a146a9601f98a86.png,image/png,276645,4137de14c9d4438c9633911c6c61ed3fabb3ef169e3432985e4debafb4e003ab,/api/site/media/088550ee-d030-4871-8a14-6a9601f98a86,converted-transparent-png,"Verified PNG RGBA with real alpha through the live media endpoint; source dimensions preserved, and all U2Net output RGB pixels matched originals exactly (logo used a separate white-key path); stable media GUID URL retained.",,yes; source length and SHA-256 match pre-conversion metadata,0.42801
09e3785c-bab1-4c2f-b508-7bae2aa27edb,PRODUCT,true,true,first_aid_kit.jpg,1a97c915053b4614b71687b16c67c4f6.jpg,transparent-09e3785cbab14c2fb5087bae2aa27edb.png,image/png,1220674,04afbef1f2439aa9a6e3edaa282e29fa7f5f9589b9ef59fe64587eaf605818ea,/api/site/media/09e3785c-bab1-4c2f-b508-7bae2aa27edb,converted-transparent-png,"Verified PNG RGBA with real alpha through the live media endpoint; source dimensions preserved, and all U2Net output RGB pixels matched originals exactly (logo used a separate white-key path); stable media GUID URL retained.",,yes; source length and SHA-256 match pre-conversion metadata,0.21154
0e34344a-d51d-4efd-a18a-342027c69023,PRODUCT,true,true,shadow_spf_30_gel.webp,d6290226ec824e60bbda7e5cde12408b.webp,d6290226ec824e60bbda7e5cde12408b.webp,image/webp,106627,62a835f3ce6d854ee41fa8a663f1ccf12ec338cc08ec56c843e5a987c5e1f309,/api/site/media/0e34344a-d51d-4efd-a18a-342027c69023,manual-review,Checkerboard QA showed the cutout weakened the Shadow SPF 30+ graphic's promotional lettering and fine text. Original is restored at the stable asset URL.,transparent-0e34344ad51d4efda18a342027c69023.png,,
126a7eff-2442-4165-8f7f-2684e3e9a3bc,LOGO,true,true,585030178_687127827805332_1715527134120383463_n (1).jpg,bd9869bd794b451089ec48d384c17e1b.jpg,transparent-126a7eff244241658f7f2684e3e9a3bc.png,image/png,188305,0db55ed590b4e37286bb6720351bb5a51a1fab8b5ec248b3552b69cf455ecc9f,/api/site/media/126a7eff-2442-4165-8f7f-2684e3e9a3bc,converted-transparent-png,"Verified PNG RGBA with real alpha through the live media endpoint; source dimensions preserved, and all U2Net output RGB pixels matched originals exactly (logo used a separate white-key path); stable media GUID URL retained.",,yes; source length and SHA-256 match pre-conversion metadata,0.89170
14d7691b-4561-4d29-b3ed-ef384adb90e9,PRODUCT,true,true,elletra_niacinamide_serum.jpg,d04a4e8831094db0a4ae5d9a637f1995.jpg,transparent-14d7691b45614d29b3edef384adb90e9.png,image/png,208848,c9919af2a3d21f9680476874cbfc7a1cd5cd7ef80453077a6f2a085b293e5d74,/api/site/media/14d7691b-4561-4d29-b3ed-ef384adb90e9,converted-transparent-png,"Verified PNG RGBA with real alpha through the live media endpoint; source dimensions preserved, and all U2Net output RGB pixels matched originals exactly (logo used a separate white-key path); stable media GUID URL retained.",,yes; source length and SHA-256 match pre-conversion metadata,0.53609
1e5faabf-9253-416c-9e07-f87b203a6666,HERO,true,true,baby-natural-BaPsKgBQ.png,b72ee7561a13493babd4165d47421b93.png,transparent-1e5faabf9253416c9e07f87b203a6666.png,image/png,806094,69e2a96e3011393d055351b42f040c82873184163a0f55df8d796328a3331668,/api/site/media/1e5faabf-9253-416c-9e07-f87b203a6666,converted-transparent-png,"Verified PNG RGBA with real alpha through the live media endpoint; source dimensions preserved, and all U2Net output RGB pixels matched originals exactly (logo used a separate white-key path); stable media GUID URL retained.",,yes; source length and SHA-256 match pre-conversion metadata,0.50347
25445cce-3db6-4de9-b595-f4b44fa34f05,PRODUCT,true,true,product-amoxicillin-500mg.png,product-amoxicillin-500mg.png,transparent-25445cce3db64de9b595f4b44fa34f05.png,image/png,1105792,a558fdcc120e6a1df87ac347cea5708f679adbe00632a8a9b2a390ec2adffe94,/api/site/media/25445cce-3db6-4de9-b595-f4b44fa34f05,converted-transparent-png,"Verified PNG RGBA with real alpha through the live media endpoint; source dimensions preserved, and all U2Net output RGB pixels matched originals exactly (logo used a separate white-key path); stable media GUID URL retained.",,yes; source length and SHA-256 match pre-conversion metadata,0.66853
31bcd87f-82cd-44de-825c-2d0f9a28fa4d,PRODUCT,true,true,elletra_vitamin_c_serum.jpg,909400fd6030475f9bfe0bdcd55b327c.jpg,transparent-31bcd87f82cd44de825c2d0f9a28fa4d.png,image/png,152546,05314f921c193b7179240f04353131c8eef7d9714869ff1a677b86b16f677a15,/api/site/media/31bcd87f-82cd-44de-825c-2d0f9a28fa4d,converted-transparent-png,"Verified PNG RGBA with real alpha through the live media endpoint; source dimensions preserved, and all U2Net output RGB pixels matched originals exactly (logo used a separate white-key path); stable media GUID URL retained.",,yes; source length and SHA-256 match pre-conversion metadata,0.64067
34d71214-c516-468a-ae96-23b13b8fc128,PRODUCT,true,true,fixderma_non_drying_cleanser.webp,0d3f9fb797604fa8bed47ed7e3e3bf74.webp,transparent-34d71214c516468aae9623b13b8fc128.png,image/png,109025,92d9a9b71d8517b5fc31377e97c8cebfc34df8612e5b5cb23479d07903af4667,/api/site/media/34d71214-c516-468a-ae96-23b13b8fc128,converted-transparent-png,"Verified PNG RGBA with real alpha through the live media endpoint; source dimensions preserved, and all U2Net output RGB pixels matched originals exactly (logo used a separate white-key path); stable media GUID URL retained.",,yes; source length and SHA-256 match pre-conversion metadata,0.41949
3549c869-292c-4664-8e90-b0fb2404762b,PRODUCT,true,true,ekran_aqua_gel_50gm.jpg,f37860ab501a4d919c4ed9adc84ea369.jpg,transparent-3549c869292c46648e90b0fb2404762b.png,image/png,712269,5fb3cd1a792bda8e39cefaad9deb0041239c0c1c3bc84e04f9ddbef8272bc2ef,/api/site/media/3549c869-292c-4664-8e90-b0fb2404762b,converted-transparent-png,"Verified PNG RGBA with real alpha through the live media endpoint; source dimensions preserved, and all U2Net output RGB pixels matched originals exactly (logo used a separate white-key path); stable media GUID URL retained.",,yes; source length and SHA-256 match pre-conversion metadata,0.43352
359b0b73-e487-43ba-b39e-7cd4b5346fd3,PRODUCT,true,true,well_spring_whey_o_life_200gm.jpg,287f3089aff647bcb8dacbc5cde9289c.jpg,transparent-359b0b73e48743bab39e7cd4b5346fd3.png,image/png,445874,bafa406b065d473e457c0538fbe516b290e09d6d3ceee5b65076e818be820de9,/api/site/media/359b0b73-e487-43ba-b39e-7cd4b5346fd3,converted-transparent-png,"Verified PNG RGBA with real alpha through the live media endpoint; source dimensions preserved, and all U2Net output RGB pixels matched originals exactly (logo used a separate white-key path); stable media GUID URL retained.",,yes; source length and SHA-256 match pre-conversion metadata,0.48166
35c256ce-b801-46b6-b6cc-4175e7362cbd,PRODUCT,true,true,g_thione_facewash.jpg,a966ae6283934e8e99c2fd24019353bd.jpg,transparent-35c256ceb80146b6b6cc4175e7362cbd.png,image/png,215032,0e770b546d07dcb31cd64d87d4787f27fd93d50630a884d7337f49d44a7e2e91,/api/site/media/35c256ce-b801-46b6-b6cc-4175e7362cbd,converted-transparent-png,"Verified PNG RGBA with real alpha through the live media endpoint; source dimensions preserved, and all U2Net output RGB pixels matched originals exactly (logo used a separate white-key path); stable media GUID URL retained.",,yes; source length and SHA-256 match pre-conversion metadata,0.72982
36434bc0-ccc0-42ad-a2eb-6715baf7a737,PRODUCT,true,true,g_thione_facewash.jpg,cfda8b436ae746a38a1a402dfe4ab075.jpg,transparent-36434bc0ccc042ada2eb6715baf7a737.png,image/png,215032,0e770b546d07dcb31cd64d87d4787f27fd93d50630a884d7337f49d44a7e2e91,/api/site/media/36434bc0-ccc0-42ad-a2eb-6715baf7a737,converted-transparent-png,"Verified PNG RGBA with real alpha through the live media endpoint; source dimensions preserved, and all U2Net output RGB pixels matched originals exactly (logo used a separate white-key path); stable media GUID URL retained.",,yes; source length and SHA-256 match pre-conversion metadata,0.72982
36a9e46c-d3af-4df4-a5fd-024c2150587a,PRODUCT,true,true,trulicity_1_5mg.jpg,90375377802a4df1a16789409d61d143.jpg,transparent-36a9e46cd3af4df4a5fd024c2150587a.png,image/png,345052,30924eb469de5971bf46811dcd3511a305374f42dc6a55509f825a925bf040cf,/api/site/media/36a9e46c-d3af-4df4-a5fd-024c2150587a,converted-transparent-png,"Verified PNG RGBA with real alpha through the live media endpoint; source dimensions preserved, and all U2Net output RGB pixels matched originals exactly (logo used a separate white-key path); stable media GUID URL retained.",,yes; source length and SHA-256 match pre-conversion metadata,0.47925
3756044b-5249-45d1-ab64-461e440e6f38,PRODUCT,true,true,dot_and_key_ceramide_and_hyaluronic_moisturizer_120gm.webp,6fc384677da8450989173b7ca222744d.webp,6fc384677da8450989173b7ca222744d.webp,image/webp,147050,c53d8d10674d084721553c8402ed2506bbf0d6ecd277e0153975c35a3aadb4a7,/api/site/media/3756044b-5249-45d1-ab64-461e440e6f38,manual-review,Checkerboard QA showed the cutout removed the separate 120gm callout from the Dot & Key product image; original restored. Original is restored at the stable asset URL.,transparent-3756044b524945d1ab64461e440e6f38.png,,
3c4d5a6c-ddc5-44f2-87bc-78b71cb23b79,PRODUCT,true,true,on_call_extra_glucometer_machine_10_strips.jpg,d5beee091c2449e5850a527a76fe67d2.jpg,d5beee091c2449e5850a527a76fe67d2.jpg,image/jpeg,135197,b0c81bbc132e3f32693c52c2595bb9d14d3d0df0ecc5aa968befd6773760cbf8,/api/site/media/3c4d5a6c-ddc5-44f2-87bc-78b71cb23b79,manual-review,source corners are not a plain near-white background; original retained.,,,
4094674b-2dfa-4e2c-ac07-7d5abe3659af,GENERAL,false,false,trust-verification.png,18576c2fa67947a2ae9d21db7a78af9d.png,18576c2fa67947a2ae9d21db7a78af9d.png,image/png,1131831,7391bd7beae69019d843b8abc6fc750b74b015be392ac0152da943e6a80c3383,,inactive-preserved,Inactive/private media record; preserved as-is.,,,
40af3575-5e31-42e3-8bc0-bb74650f386d,PRODUCT,true,true,dot_and_key_72hr_hydrating_gel_moisturizer.webp,8a469afa37f84cd9aaaa3e002e75683b.webp,transparent-40af35755e3142e38bc0bb74650f386d.png,image/png,427181,b3b69bbab0d1fc72ccb542f0a416d7843565c7d9b6a781d3c55b4dc824d17cd3,/api/site/media/40af3575-5e31-42e3-8bc0-bb74650f386d,converted-transparent-png,"Verified PNG RGBA with real alpha through the live media endpoint; source dimensions preserved, and all U2Net output RGB pixels matched originals exactly (logo used a separate white-key path); stable media GUID URL retained.",,yes; source length and SHA-256 match pre-conversion metadata,0.55124
4127d750-37fc-43c4-b14a-adb57b24a430,PRODUCT,true,true,product-paracetamol-500mg.png,product-paracetamol-500mg.png,product-paracetamol-500mg.png,image/png,993356,0151180402fcf160002391003d87e89251623610f26b367a50428b0b03d3a97c,/api/site/media/4127d750-37fc-43c4-b14a-adb57b24a430,manual-review,Checkerboard QA showed the cutout made the detached white Paracetamol tablets semi-transparent. Original is restored at the stable asset URL.,transparent-4127d75037fc43c4b14aadb57b24a430.png,,
438b437e-251d-42ce-abac-7d80d64e5107,PRODUCT,true,true,trulicity_0_75mg_pre_filled_pen.jpg,6afd35fb5cc94b93ae5435fa063ba569.jpg,transparent-438b437e251d42ceabac7d80d64e5107.png,image/png,345052,30924eb469de5971bf46811dcd3511a305374f42dc6a55509f825a925bf040cf,/api/site/media/438b437e-251d-42ce-abac-7d80d64e5107,converted-transparent-png,"Verified PNG RGBA with real alpha through the live media endpoint; source dimensions preserved, and all U2Net output RGB pixels matched originals exactly (logo used a separate white-key path); stable media GUID URL retained.",,yes; source length and SHA-256 match pre-conversion metadata,0.47925
48e6ca5e-f87f-4a1d-8fda-eaddadf2670e,PRODUCT,true,true,shadow_spf_50_cream.webp,b3d5891e40c44696806c235cf865000d.webp,transparent-48e6ca5ef87f4a1d8fdaeaddadf2670e.png,image/png,422174,ffb4e9cb7be42d43272f0dc9732f0d2f6ab2272bbcf2e427b4918062eafd8f48,/api/site/media/48e6ca5e-f87f-4a1d-8fda-eaddadf2670e,converted-transparent-png,"Verified PNG RGBA with real alpha through the live media endpoint; source dimensions preserved, and all U2Net output RGB pixels matched originals exactly (logo used a separate white-key path); stable media GUID URL retained.",,yes; source length and SHA-256 match pre-conversion metadata,0.69460
4e5489fa-1199-4fc6-b999-eea646bead8d,HERO_VIDEO,true,true,ssstik.io_1790741013412.mp4,878140be8a224f7fbec83e16c0924fc7.mp4,878140be8a224f7fbec83e16c0924fc7.mp4,video/mp4,9076388,a7f24a20279d7b0891504628812cf5e325c63d00100d678f31daa5e6e7aaaee0,/api/site/media/4e5489fa-1199-4fc6-b999-eea646bead8d,video-preserved,Video upload; no background removal applies.,,,
4fdf750c-2705-4f90-b44f-a3653fa5c736,PRODUCT,true,true,dot_and_key_72hr_hydrating_gel_moisturizer.webp,7bb470e52a8a4caf98a3c1097c6016bd.webp,transparent-4fdf750c27054f90b44fa3653fa5c736.png,image/png,427181,b3b69bbab0d1fc72ccb542f0a416d7843565c7d9b6a781d3c55b4dc824d17cd3,/api/site/media/4fdf750c-2705-4f90-b44f-a3653fa5c736,converted-transparent-png,"Verified PNG RGBA with real alpha through the live media endpoint; source dimensions preserved, and all U2Net output RGB pixels matched originals exactly (logo used a separate white-key path); stable media GUID URL retained.",,yes; source length and SHA-256 match pre-conversion metadata,0.55124
536426a0-be64-4a07-b2fb-70ddaea1e170,PRODUCT,true,true,bioderma_atoderm_moisturizer.jpg,7d51acfac6fb4d1ebe882fb5504f8011.jpg,7d51acfac6fb4d1ebe882fb5504f8011.jpg,image/jpeg,80045,6f2055edf2551a673903329567b318a896ee068fde95d3a4aaf7d9c496419046,/api/site/media/536426a0-be64-4a07-b2fb-70ddaea1e170,manual-review,source corners are not a plain near-white background; removed pixels are not consistently near-white; original retained.,,,
6589d94e-4ddd-4fc8-945b-a0db2c55c0af,PRODUCT,true,true,dot_and_key_ceramide_and_hyaluronic_moisturizer_120gm.webp,158f8b9c749448bb9cced7613673c845.webp,158f8b9c749448bb9cced7613673c845.webp,image/webp,147050,c53d8d10674d084721553c8402ed2506bbf0d6ecd277e0153975c35a3aadb4a7,/api/site/media/6589d94e-4ddd-4fc8-945b-a0db2c55c0af,manual-review,Checkerboard QA showed the cutout removed the separate 120gm callout from the Dot & Key product image; original restored. Original is restored at the stable asset URL.,transparent-6589d94e4ddd4fc8945ba0db2c55c0af.png,,
68661fb0-f0e8-4ff1-9d10-1c7cd60baee5,PRODUCT,true,true,DANALAC-Gold-Advance-Infant-Formula-Stage-1-512-e1604304448836-1024x1024.png,9f96d8a760254dee9260d72e86415162.png,transparent-68661fb0f0e84ff19d101c7cd60baee5.png,image/png,643935,4fa4b4374c1df14e3eda1c400d492f21ba526fe89674b251c47704f38df3ad92,/api/site/media/68661fb0-f0e8-4ff1-9d10-1c7cd60baee5,converted-transparent-png,"Verified PNG RGBA with real alpha through the live media endpoint; source dimensions preserved, and all U2Net output RGB pixels matched originals exactly (logo used a separate white-key path); stable media GUID URL retained.",,yes; source length and SHA-256 match pre-conversion metadata,0.59163
7217f215-1683-43fb-994c-0f5a7cd73eae,HERO,true,true,images.png,c3cc212f004a4827b0cb51a45e36026c.png,transparent-7217f215168343fb994c0f5a7cd73eae.png,image/png,15388,bf9f55851e7bbc6224f2b2a2fba2fee1dee4fb60b10d517c07df831a8c566b26,/api/site/media/7217f215-1683-43fb-994c-0f5a7cd73eae,converted-transparent-png,"Verified PNG RGBA with real alpha through the live media endpoint; source dimensions preserved, and all U2Net output RGB pixels matched originals exactly (logo used a separate white-key path); stable media GUID URL retained.",,yes; source length and SHA-256 match pre-conversion metadata,0.76676
726bf27f-90f0-44bb-9206-8483b3a78d8c,PRODUCT,true,true,dot_and_key_cica_calming_mattifying_sunscreen_spf50.webp,3520691d983d4a4d97799d5b06f517b8.webp,transparent-726bf27f90f044bb92068483b3a78d8c.png,image/png,315467,cd3adfb61e5c517e34c7e9fdb4efd226d41dd87680c2e42936a188d702af5f17,/api/site/media/726bf27f-90f0-44bb-9206-8483b3a78d8c,converted-transparent-png,"Verified PNG RGBA with real alpha through the live media endpoint; source dimensions preserved, and all U2Net output RGB pixels matched originals exactly (logo used a separate white-key path); stable media GUID URL retained.",,yes; source length and SHA-256 match pre-conversion metadata,0.75626
752b9270-c00d-413a-98cb-b50e1f05a5f2,PRODUCT,true,true,lantus_insulin.jpg,99ca26256e8d4baea312e83b4fd68a48.jpg,99ca26256e8d4baea312e83b4fd68a48.jpg,image/jpeg,73194,79c8b31173b7a41b0217ae5b2fd13f67cfb91b513690f27bc247f5f5e45b1908,/api/site/media/752b9270-c00d-413a-98cb-b50e1f05a5f2,manual-review,source corners are not a plain near-white background; removed pixels are not consistently near-white; original retained.,,,
7588306b-e412-412d-92ba-1937a4c121d4,HERO,true,true,baby-cocoa-COtyL0jT.png,b0e307968a124274ac53e675e40b2ed9.png,transparent-7588306be412412d92ba1937a4c121d4.png,image/png,862815,9ce87b40f4a6798ff93ccee0fd74e55e09619aa497d2adb6e0b4d42af1f24373,/api/site/media/7588306b-e412-412d-92ba-1937a4c121d4,converted-transparent-png,"Verified PNG RGBA with real alpha through the live media endpoint; source dimensions preserved, and all U2Net output RGB pixels matched originals exactly (logo used a separate white-key path); stable media GUID URL retained.",,yes; source length and SHA-256 match pre-conversion metadata,0.48594
79fff34a-e586-4ff3-b118-b22860c7e876,HERO_VIDEO,true,true,pharmacy-production.mp4,a386b176e14a4c70a6af5f007b61e981.mp4,a386b176e14a4c70a6af5f007b61e981.mp4,video/mp4,11499166,320341a31cd17e9637384482e110b9cfa52b73001059d2d9a75d8ab707ca57b6,/api/site/media/79fff34a-e586-4ff3-b118-b22860c7e876,video-preserved,Video upload; no background removal applies.,,,
83114f05-4745-4dd3-ad71-73f369d19844,PRODUCT,true,true,babe_vitamin_c_10x2ml_ampoule.png,db451bfeb9334bf595f92c1114728396.png,db451bfeb9334bf595f92c1114728396.png,image/png,233210,d8f4656d588719dc1b36838e09e12b76d17d56d57e6d6b88e79db525f646c523,/api/site/media/83114f05-4745-4dd3-ad71-73f369d19844,already-transparent,Verified source alpha channel has transparent pixels; retained without modification.,,,0.07838
8d438a63-5ba3-43d9-80ff-34b2e6cee87a,HERO,true,true,Screenshot 2026-09-27 221442.png,9bc4c6cd55e5456f8f0570fc55b091c9.png,transparent-8d438a635ba343d980ff34b2e6cee87a.png,image/png,185124,48857b09c67a0f01ff2bc53a8942b0987258e666df1311c47ced075f6bcc014c,/api/site/media/8d438a63-5ba3-43d9-80ff-34b2e6cee87a,converted-transparent-png,"Verified PNG RGBA with real alpha through the live media endpoint; source dimensions preserved, and all U2Net output RGB pixels matched originals exactly (logo used a separate white-key path); stable media GUID URL retained.",,yes; source length and SHA-256 match pre-conversion metadata,0.54252
8e70201c-a202-4c40-835d-2dda530a247a,LOGO,false,false,585030178_687127827805332_1715527134120383463_n (1).jpg,41c256a5b1ee4940a70c8025fe566fab.jpg,41c256a5b1ee4940a70c8025fe566fab.jpg,image/jpeg,29581,cd0160870e347b34f5c087d597ca37b0534b8a51ad30eccf1a5b250b48c54de0,,inactive-preserved,Inactive/private media record; preserved as-is.,,,
90be0997-332b-44cb-a3b6-cfab3f1b73af,HERO,true,true,medicines-in-kasur.jpg,ba6b682485794f529c51053e508c870b.jpg,ba6b682485794f529c51053e508c870b.jpg,image/jpeg,906785,b2b2296876268a8fdc1a2806d8016e767f77016e44f602cbdef43cb8cce94d58,/api/site/media/90be0997-332b-44cb-a3b6-cfab3f1b73af,manual-review,source corners are not a plain near-white background; removed pixels are not consistently near-white; original retained.,,,
9cdb3970-b24c-4615-8b73-724d489f64fc,PRODUCT,true,true,trulicity_1_5mg.jpg,248aeb7ea46f4d91be18007a4616a4d9.jpg,transparent-9cdb3970b24c46158b73724d489f64fc.png,image/png,345052,30924eb469de5971bf46811dcd3511a305374f42dc6a55509f825a925bf040cf,/api/site/media/9cdb3970-b24c-4615-8b73-724d489f64fc,converted-transparent-png,"Verified PNG RGBA with real alpha through the live media endpoint; source dimensions preserved, and all U2Net output RGB pixels matched originals exactly (logo used a separate white-key path); stable media GUID URL retained.",,yes; source length and SHA-256 match pre-conversion metadata,0.47925
9f89e271-3b57-4d29-98ea-599b942cb829,PRODUCT,true,true,dot_and_key_ceramide_and_peptide_lip_balm_spf50.webp,02802cd64b3d4696900624ee696f91d1.webp,transparent-9f89e2713b574d2998ea599b942cb829.png,image/png,557545,e1fe2978d34fb8092cfadc7fde8e16bf75dd0308afad4a6cd4948bbe2291008f,/api/site/media/9f89e271-3b57-4d29-98ea-599b942cb829,converted-transparent-png,"Verified PNG RGBA with real alpha through the live media endpoint; source dimensions preserved, and all U2Net output RGB pixels matched originals exactly (logo used a separate white-key path); stable media GUID URL retained.",,yes; source length and SHA-256 match pre-conversion metadata,0.64494
a1aae3d6-37f9-458d-aae0-f2335467400a,PRODUCT,true,true,elletra_vitamin_c_serum.jpg,31e2e61d987748159193920a44eae6bc.jpg,transparent-a1aae3d637f9458daae0f2335467400a.png,image/png,152546,05314f921c193b7179240f04353131c8eef7d9714869ff1a677b86b16f677a15,/api/site/media/a1aae3d6-37f9-458d-aae0-f2335467400a,converted-transparent-png,"Verified PNG RGBA with real alpha through the live media endpoint; source dimensions preserved, and all U2Net output RGB pixels matched originals exactly (logo used a separate white-key path); stable media GUID URL retained.",,yes; source length and SHA-256 match pre-conversion metadata,0.64067
a272c8f7-9ada-41aa-9e40-427088cca18e,PRODUCT,true,true,lantus_insulin.jpg,8d68e01ba1a64425b38e2dd9e7862f86.jpg,8d68e01ba1a64425b38e2dd9e7862f86.jpg,image/jpeg,73194,79c8b31173b7a41b0217ae5b2fd13f67cfb91b513690f27bc247f5f5e45b1908,/api/site/media/a272c8f7-9ada-41aa-9e40-427088cca18e,manual-review,source corners are not a plain near-white background; removed pixels are not consistently near-white; original retained.,,,
a3b6762b-f4a6-4740-97f0-969352b6fc76,PRODUCT,true,true,dot_and_key_cica_calming_mattifying_sunscreen_spf50.webp,3b8f95c88b914a07916ef7653f87778d.webp,transparent-a3b6762bf4a6474097f0969352b6fc76.png,image/png,315467,cd3adfb61e5c517e34c7e9fdb4efd226d41dd87680c2e42936a188d702af5f17,/api/site/media/a3b6762b-f4a6-4740-97f0-969352b6fc76,converted-transparent-png,"Verified PNG RGBA with real alpha through the live media endpoint; source dimensions preserved, and all U2Net output RGB pixels matched originals exactly (logo used a separate white-key path); stable media GUID URL retained.",,yes; source length and SHA-256 match pre-conversion metadata,0.75626
a46f5f46-6ea8-4e49-a3c3-760c63f6ea3c,PRODUCT,true,true,basugine_100iu_lupin.jpg,basugine-100iu-lupin.jpg,basugine-100iu-lupin.jpg,image/jpeg,55739,3CF62658FB94B1F6D9B3BD74B724102F8E156F0B33F9EBC7579CE996EE11851E,/api/site/media/a46f5f46-6ea8-4e49-a3c3-760c63f6ea3c,manual-review,source corners are not a plain near-white background; removed pixels are not consistently near-white; original retained.,,,
aa46cf26-70a8-427d-a300-ef3955adfc19,PRODUCT,true,true,product-digital-thermometer.png,product-digital-thermometer.png,transparent-aa46cf2670a8427da300ef3955adfc19.png,image/png,15388,bf9f55851e7bbc6224f2b2a2fba2fee1dee4fb60b10d517c07df831a8c566b26,/api/site/media/aa46cf26-70a8-427d-a300-ef3955adfc19,converted-transparent-png,"Verified PNG RGBA with real alpha through the live media endpoint; source dimensions preserved, and all U2Net output RGB pixels matched originals exactly (logo used a separate white-key path); stable media GUID URL retained.",,yes; source length and SHA-256 match pre-conversion metadata,0.76676
aedc29e6-60c1-4ee6-9a0c-c4932fdf181c,PRODUCT,true,true,first_aid_kit.jpg,9b76200411464bccb2839a7fa5b30941.jpg,transparent-aedc29e660c14ee69a0cc4932fdf181c.png,image/png,1220674,04afbef1f2439aa9a6e3edaa282e29fa7f5f9589b9ef59fe64587eaf605818ea,/api/site/media/aedc29e6-60c1-4ee6-9a0c-c4932fdf181c,converted-transparent-png,"Verified PNG RGBA with real alpha through the live media endpoint; source dimensions preserved, and all U2Net output RGB pixels matched originals exactly (logo used a separate white-key path); stable media GUID URL retained.",,yes; source length and SHA-256 match pre-conversion metadata,0.21154
b01e3137-214b-469b-87c2-21796672edf0,PRODUCT,true,true,product-vitamin-c-zinc.png,product-vitamin-c-zinc.png,transparent-b01e3137214b469b87c221796672edf0.png,image/png,1302460,dd6a9e137c66d7d51b00ae67bb621823d52c1f18b2e8c8384c481af8da44c19e,/api/site/media/b01e3137-214b-469b-87c2-21796672edf0,converted-transparent-png,"Verified PNG RGBA with real alpha through the live media endpoint; source dimensions preserved, and all U2Net output RGB pixels matched originals exactly (logo used a separate white-key path); stable media GUID URL retained.",,yes; source length and SHA-256 match pre-conversion metadata,0.58843
b8600ca1-2710-493e-bf02-17b88a1ed454,PRODUCT,true,true,kleida_face_wash_100ml.jpg,ee3084c7851b4923bf43ac8fcbc791b3.jpg,transparent-b8600ca12710493ebf0217b88a1ed454.png,image/png,329516,dc1050632d62239ef56d03319a8de3ac0ac7e2e3b553fe5772832d25b642d117,/api/site/media/b8600ca1-2710-493e-bf02-17b88a1ed454,converted-transparent-png,"Verified PNG RGBA with real alpha through the live media endpoint; source dimensions preserved, and all U2Net output RGB pixels matched originals exactly (logo used a separate white-key path); stable media GUID URL retained.",,yes; source length and SHA-256 match pre-conversion metadata,0.55892
b948ea13-36bc-4849-92ea-dcbccf7969a8,PRODUCT,true,true,jitron_contactless_thermometer.jpg,1153594a64554e57a72315e838152f13.jpg,1153594a64554e57a72315e838152f13.jpg,image/jpeg,122358,68729d4ee2f1c83efc24988ddfe6c20fb37ef0775c3d16282dcfffbf3273f84a,/api/site/media/b948ea13-36bc-4849-92ea-dcbccf7969a8,manual-review,source corners are not a plain near-white background; removed pixels are not consistently near-white; original retained.,,,
bad67870-c3f0-4259-aad5-02936966d0eb,PRODUCT,true,true,himalaya_baby_shampoo_200ml.jpg,521e264f5c6f42ab9de8da2332aef3fd.jpg,transparent-bad67870c3f04259aad502936966d0eb.png,image/png,161771,b0b71f8b8522623f0da06ca08827eb7ec832a586706126ea0882e1263bf3faa6,/api/site/media/bad67870-c3f0-4259-aad5-02936966d0eb,converted-transparent-png,"Verified PNG RGBA with real alpha through the live media endpoint; source dimensions preserved, and all U2Net output RGB pixels matched originals exactly (logo used a separate white-key path); stable media GUID URL retained.",,yes; source length and SHA-256 match pre-conversion metadata,0.84331
bcc05016-f3e5-49ca-9337-7b8f2fd8e06e,PRODUCT,true,true,bioderma_atoderm_moisturizer.jpg,757c582b1bf0414eb8b807093a8728ec.jpg,757c582b1bf0414eb8b807093a8728ec.jpg,image/jpeg,80045,6f2055edf2551a673903329567b318a896ee068fde95d3a4aaf7d9c496419046,/api/site/media/bcc05016-f3e5-49ca-9337-7b8f2fd8e06e,manual-review,source corners are not a plain near-white background; removed pixels are not consistently near-white; original retained.,,,
bcfd7171-5404-45d6-9faf-17a35427eb9d,PRODUCT,true,true,humalog_mix_25.jpg,7a9fff1b5fad45478440abd056630445.jpg,transparent-bcfd7171540445d69faf17a35427eb9d.png,image/png,340210,439627b4d1816c09fc59f1eeb36890cf2128b561a90608550ecb04e2d433de61,/api/site/media/bcfd7171-5404-45d6-9faf-17a35427eb9d,converted-transparent-png,"Verified PNG RGBA with real alpha through the live media endpoint; source dimensions preserved, and all U2Net output RGB pixels matched originals exactly (logo used a separate white-key path); stable media GUID URL retained.",,yes; source length and SHA-256 match pre-conversion metadata,0.62660
bd6fcc49-905c-4cd4-841f-ccc1a141014b,PRODUCT,true,true,dot_and_key_vitamin_c_e_super_bright_sunscreen_spf50.webp,752881154f73477ebe1f03896bf88897.webp,transparent-bd6fcc49905c4cd4841fccc1a141014b.png,image/png,201110,494eb04a4f3ecc6624643452923205fcaad8a7729edf5afc55d674b3695e66c0,/api/site/media/bd6fcc49-905c-4cd4-841f-ccc1a141014b,converted-transparent-png,"Verified PNG RGBA with real alpha through the live media endpoint; source dimensions preserved, and all U2Net output RGB pixels matched originals exactly (logo used a separate white-key path); stable media GUID URL retained.",,yes; source length and SHA-256 match pre-conversion metadata,0.75910
c1c60ba1-bb6e-4eb8-abbf-b9e6494463de,PRODUCT,true,true,dot_and_key_vitamin_c_e_super_bright_sunscreen_spf50.webp,aa58a3307de84a0ca53696938f8c21c9.webp,transparent-c1c60ba1bb6e4eb8abbfb9e6494463de.png,image/png,201110,494eb04a4f3ecc6624643452923205fcaad8a7729edf5afc55d674b3695e66c0,/api/site/media/c1c60ba1-bb6e-4eb8-abbf-b9e6494463de,converted-transparent-png,"Verified PNG RGBA with real alpha through the live media endpoint; source dimensions preserved, and all U2Net output RGB pixels matched originals exactly (logo used a separate white-key path); stable media GUID URL retained.",,yes; source length and SHA-256 match pre-conversion metadata,0.75910
c22c1fc5-5977-405e-9423-b99d2d5be44c,PRODUCT,true,true,shadow_spf_30_gel.jpg,36b5a98a24574145bc96ccffaf7366c2.jpg,transparent-c22c1fc55977405e9423b99d2d5be44c.png,image/png,599136,c7cc8b9caff206dd308fe5e2d28e428673ccd8f5ac0e6258a04b8aa5c071b4c6,/api/site/media/c22c1fc5-5977-405e-9423-b99d2d5be44c,converted-transparent-png,"Verified PNG RGBA with real alpha through the live media endpoint; source dimensions preserved, and all U2Net output RGB pixels matched originals exactly (logo used a separate white-key path); stable media GUID URL retained.",,yes; source length and SHA-256 match pre-conversion metadata,0.17740
c40be4a4-4850-4745-a200-e49876b5528b,PRODUCT,true,true,jitron_contactless_thermometer.jpg,309ff68fe7c34c8bbfd15e3358ec2675.jpg,309ff68fe7c34c8bbfd15e3358ec2675.jpg,image/jpeg,122358,68729d4ee2f1c83efc24988ddfe6c20fb37ef0775c3d16282dcfffbf3273f84a,/api/site/media/c40be4a4-4850-4745-a200-e49876b5528b,manual-review,source corners are not a plain near-white background; removed pixels are not consistently near-white; original retained.,,,
c963d4ec-51c9-4fb7-a76b-56c27ef051dd,PRODUCT,true,true,ekran_aqua_gel_50gm.jpg,011b8e9428344310b755787396519d1e.jpg,transparent-c963d4ec51c94fb7a76b56c27ef051dd.png,image/png,712269,5fb3cd1a792bda8e39cefaad9deb0041239c0c1c3bc84e04f9ddbef8272bc2ef,/api/site/media/c963d4ec-51c9-4fb7-a76b-56c27ef051dd,converted-transparent-png,"Verified PNG RGBA with real alpha through the live media endpoint; source dimensions preserved, and all U2Net output RGB pixels matched originals exactly (logo used a separate white-key path); stable media GUID URL retained.",,yes; source length and SHA-256 match pre-conversion metadata,0.43352
cb340c8f-9d57-4b78-89b7-fa9848e595d7,PRODUCT,true,true,trulicity_0_75mg_pre_filled_pen.jpg,a5064173f0a8481d96924cfb60d92bc0.jpg,transparent-cb340c8f9d574b7889b7fa9848e595d7.png,image/png,345052,30924eb469de5971bf46811dcd3511a305374f42dc6a55509f825a925bf040cf,/api/site/media/cb340c8f-9d57-4b78-89b7-fa9848e595d7,converted-transparent-png,"Verified PNG RGBA with real alpha through the live media endpoint; source dimensions preserved, and all U2Net output RGB pixels matched originals exactly (logo used a separate white-key path); stable media GUID URL retained.",,yes; source length and SHA-256 match pre-conversion metadata,0.47925
cc9d9f80-7291-4f74-887d-6db1fb027947,PRODUCT,true,true,DANALAC-Infant-Formula-with-Goat-Milk-stage-1-e1581949387170-1024x1024.png,1d997b7f86b84a7e8d45391e55bcdcbe.png,1d997b7f86b84a7e8d45391e55bcdcbe.png,image/png,625377,e4327d8c53758ef7fba617cbf511cbd6e115865598a2a51dc445980dd4514b7d,/api/site/media/cc9d9f80-7291-4f74-887d-6db1fb027947,already-transparent,Verified source alpha channel has transparent pixels; retained without modification.,,,0.57431
ccee779d-78c8-404d-8d64-24b847d93f30,PRODUCT,true,true,dot_and_key_ceramide_and_peptide_lip_balm_spf50.webp,66644313ea93411d96ae0f6cfa09bbc2.webp,transparent-ccee779d78c8404d8d6424b847d93f30.png,image/png,557545,e1fe2978d34fb8092cfadc7fde8e16bf75dd0308afad4a6cd4948bbe2291008f,/api/site/media/ccee779d-78c8-404d-8d64-24b847d93f30,converted-transparent-png,"Verified PNG RGBA with real alpha through the live media endpoint; source dimensions preserved, and all U2Net output RGB pixels matched originals exactly (logo used a separate white-key path); stable media GUID URL retained.",,yes; source length and SHA-256 match pre-conversion metadata,0.64494
cfcab246-1da4-4387-a532-2e5c3f01d401,HERO,true,true,DANALAC-Goat-Milk-infant-formula-World-Best-Baby-Milk-scaled-e1582121654336-scaled-e1582122068952.jpg,570faacfc44541b0b725d159b0630127.jpg,570faacfc44541b0b725d159b0630127.jpg,image/jpeg,312549,99dd107d263a459530418e1f11a6e7a035d2a8244be7d8fe1a7c5b0dd4d9b3ee,/api/site/media/cfcab246-1da4-4387-a532-2e5c3f01d401,manual-review,source corners are not a plain near-white background; removed pixels are not consistently near-white; original retained.,,,
d329191a-a1ab-4e05-b388-e42576eddbcd,PRODUCT,true,true,product-antiseptic-solution.png,product-antiseptic-solution.png,transparent-d329191aa1ab4e05b388e42576eddbcd.png,image/png,985241,36a23c4a9e48ae0ba12e5e73a170698b29603259d3e26beaa211b563abd1842f,/api/site/media/d329191a-a1ab-4e05-b388-e42576eddbcd,converted-transparent-png,"Verified PNG RGBA with real alpha through the live media endpoint; source dimensions preserved, and all U2Net output RGB pixels matched originals exactly (logo used a separate white-key path); stable media GUID URL retained.",,yes; source length and SHA-256 match pre-conversion metadata,0.73294
d4c63adb-81ba-4a57-a71a-5e4171de31ca,LOGO,false,false,.tmp-logo-test.svg,8bed6de789df4e10a817d6f79f0a7ba7.svg,8bed6de789df4e10a817d6f79f0a7ba7.svg,image/svg+xml,284,f6d4f541b4b9460fce83601fc66e7c8bfec11a976e42b90287ab316d15cc3372,,inactive-preserved,Inactive/private media record; preserved as-is.,,,
e44aa6d0-499d-4baf-9f31-3443bb3b6282,PRODUCT,true,true,on_call_extra_glucometer_machine_10_strips.jpg,915ad1f304684229bb2043afea23b70b.jpg,915ad1f304684229bb2043afea23b70b.jpg,image/jpeg,135197,b0c81bbc132e3f32693c52c2595bb9d14d3d0df0ecc5aa968befd6773760cbf8,/api/site/media/e44aa6d0-499d-4baf-9f31-3443bb3b6282,manual-review,source corners are not a plain near-white background; original retained.,,,
eb3c7cfc-3ea5-4618-b324-9a0f9e22fbdd,PRODUCT,true,true,humalog_mix_25.jpg,ffd34108c0344172b714dfcf792db5ca.jpg,transparent-eb3c7cfc3ea54618b3249a0f9e22fbdd.png,image/png,340210,439627b4d1816c09fc59f1eeb36890cf2128b561a90608550ecb04e2d433de61,/api/site/media/eb3c7cfc-3ea5-4618-b324-9a0f9e22fbdd,converted-transparent-png,"Verified PNG RGBA with real alpha through the live media endpoint; source dimensions preserved, and all U2Net output RGB pixels matched originals exactly (logo used a separate white-key path); stable media GUID URL retained.",,yes; source length and SHA-256 match pre-conversion metadata,0.62660
ebef845d-ca33-48ab-b4c4-6948e61f7dcf,PRODUCT,true,true,kleida_face_wash_100ml.jpg,fdd59c92e7cd40e2b8d57eb6858d0dc9.jpg,transparent-ebef845dca3348abb4c46948e61f7dcf.png,image/png,329516,dc1050632d62239ef56d03319a8de3ac0ac7e2e3b553fe5772832d25b642d117,/api/site/media/ebef845d-ca33-48ab-b4c4-6948e61f7dcf,converted-transparent-png,"Verified PNG RGBA with real alpha through the live media endpoint; source dimensions preserved, and all U2Net output RGB pixels matched originals exactly (logo used a separate white-key path); stable media GUID URL retained.",,yes; source length and SHA-256 match pre-conversion metadata,0.55892
ed1db9cd-da7f-4553-b0fd-2f903765111e,PRODUCT,true,true,babe_vitamin_c_10x2ml_ampoule.png,556cbda77c0b45b1a202b1ec8855cb31.png,556cbda77c0b45b1a202b1ec8855cb31.png,image/png,233210,d8f4656d588719dc1b36838e09e12b76d17d56d57e6d6b88e79db525f646c523,/api/site/media/ed1db9cd-da7f-4553-b0fd-2f903765111e,already-transparent,Verified source alpha channel has transparent pixels; retained without modification.,,,0.07838
ee644538-4c7a-461b-9d67-3365d95d662c,PRODUCT,true,true,fixderma_non_drying_cleanser.webp,7234de76b76842a7b57e63fd60a68687.webp,transparent-ee6445384c7a461b9d673365d95d662c.png,image/png,109025,92d9a9b71d8517b5fc31377e97c8cebfc34df8612e5b5cb23479d07903af4667,/api/site/media/ee644538-4c7a-461b-9d67-3365d95d662c,converted-transparent-png,"Verified PNG RGBA with real alpha through the live media endpoint; source dimensions preserved, and all U2Net output RGB pixels matched originals exactly (logo used a separate white-key path); stable media GUID URL retained.",,yes; source length and SHA-256 match pre-conversion metadata,0.41949
eed81e91-a101-4e3d-9e7c-3c7ea4f42143,PRODUCT,true,true,product-cetirizine-10mg.png,product-cetirizine-10mg.png,product-cetirizine-10mg.png,image/png,1070609,49185074820a0f74bd9ed8b0bc522fcbd8c0443783d7907b836921fdc9bd97f5,/api/site/media/eed81e91-a101-4e3d-9e7c-3c7ea4f42143,manual-review,Checkerboard QA showed the cutout made the detached white Cetirizine tablets semi-transparent. Original is restored at the stable asset URL.,transparent-eed81e91a1014e3d9e7c3c7ea4f42143.png,,
f7049ec9-bd92-4a95-9cbd-d8187b697586,PRODUCT,true,true,cetaphil_moisturizing_cream_jar.jpg,5e03785956ef406e8b90095b3b2869d1.jpg,transparent-f7049ec9bd924a959cbdd8187b697586.png,image/png,276645,4137de14c9d4438c9633911c6c61ed3fabb3ef169e3432985e4debafb4e003ab,/api/site/media/f7049ec9-bd92-4a95-9cbd-d8187b697586,converted-transparent-png,"Verified PNG RGBA with real alpha through the live media endpoint; source dimensions preserved, and all U2Net output RGB pixels matched originals exactly (logo used a separate white-key path); stable media GUID URL retained.",,yes; source length and SHA-256 match pre-conversion metadata,0.42801
,UNLINKED_FILE,false,false,343ab0d84ecb40d98fa907566e01ac48.png,343ab0d84ecb40d98fa907566e01ac48.png,343ab0d84ecb40d98fa907566e01ac48.png,,708749,9a9c51fcde3233c05d9e5cbc7bd9a0879e631f9fa01b98d3ebf9e16b77fdea29,,unlinked-duplicate-source,Unreferenced duplicate of a MediaAsset source; no separate public URL. Original retained; linked asset treatment is recorded in its row.,,,
,UNLINKED_FILE,false,false,95d4ea0b95794f60b54b89a56247c0a4.png,95d4ea0b95794f60b54b89a56247c0a4.png,95d4ea0b95794f60b54b89a56247c0a4.png,,644347,3c7f2750775c23c91e572bb22f8ff4758eb69ef53592af13e5b1c7bef6a5c0e0,,unlinked-duplicate-source,Unreferenced duplicate of a MediaAsset source; no separate public URL. Original retained; linked asset treatment is recorded in its row.,,,
,UNLINKED_FILE,false,false,b3d5891e40c44696806c235cf865000d.jpg,b3d5891e40c44696806c235cf865000d.jpg,b3d5891e40c44696806c235cf865000d.jpg,,79278,fe95da751bcad5a76fcc7c027fcaab9c3a42110cdf9a26cca03ae591c27fd348,,unlinked-duplicate-source,Unreferenced duplicate of a MediaAsset source; no separate public URL. Original retained; linked asset treatment is recorded in its row.,,,
,UNLINKED_FILE,false,false,c3d1d4bb8eba46caa918395621036a0d.png,c3d1d4bb8eba46caa918395621036a0d.png,c3d1d4bb8eba46caa918395621036a0d.png,,708749,9a9c51fcde3233c05d9e5cbc7bd9a0879e631f9fa01b98d3ebf9e16b77fdea29,,unlinked-duplicate-source,Unreferenced duplicate of a MediaAsset source; no separate public URL. Original retained; linked asset treatment is recorded in its row.,,,
,UNLINKED_FILE,false,false,d08a92a172c541d190c76a0c5dfd528e.png,d08a92a172c541d190c76a0c5dfd528e.png,d08a92a172c541d190c76a0c5dfd528e.png,,708749,9a9c51fcde3233c05d9e5cbc7bd9a0879e631f9fa01b98d3ebf9e16b77fdea29,,unlinked-duplicate-source,Unreferenced duplicate of a MediaAsset source; no separate public URL. Original retained; linked asset treatment is recorded in its row.,,,
,UNLINKED_FILE,false,false,d6290226ec824e60bbda7e5cde12408b.jpg,d6290226ec824e60bbda7e5cde12408b.jpg,d6290226ec824e60bbda7e5cde12408b.jpg,,97893,daf597039249ad8c6e24a96745c1644fd564607fa5ceb38fac1ab986743dc57e,,unlinked-duplicate-source,Unreferenced duplicate of a MediaAsset source; no separate public URL. Original retained; linked asset treatment is recorded in its row.,,,
,UNLINKED_FILE,false,false,transparent-0e34344ad51d4efda18a342027c69023.png,transparent-0e34344ad51d4efda18a342027c69023.png,transparent-0e34344ad51d4efda18a342027c69023.png,,563205,3324446cb578de5d571ec4908ac9d2abd1e224e2cca4dd9e2baf00229116316a,,withheld-candidate,Checkerboard QA showed the cutout weakened the Shadow SPF 30+ graphic's promotional lettering and fine text. Original file is restored at the stable asset URL; unused candidate retained for rollback.,,,
,UNLINKED_FILE,false,false,transparent-3756044b524945d1ab64461e440e6f38.png,transparent-3756044b524945d1ab64461e440e6f38.png,transparent-3756044b524945d1ab64461e440e6f38.png,,675814,360548439407bcfaf17c801975f06fcf501c9f2dd21891633a3f63cb37f88e52,,withheld-candidate,Checkerboard QA showed the cutout removed the separate 120gm callout from the Dot & Key product image; original restored. Original file is restored at the stable asset URL; unused candidate retained for rollback.,,,
,UNLINKED_FILE,false,false,transparent-4127d75037fc43c4b14aadb57b24a430.png,transparent-4127d75037fc43c4b14aadb57b24a430.png,transparent-4127d75037fc43c4b14aadb57b24a430.png,,996233,1b250336ad1904d0c5b66089b3bd24d3a2d63843e0b10903ee5ffd150bcd1e0f,,withheld-candidate,Checkerboard QA showed the cutout made the detached white Paracetamol tablets semi-transparent. Original file is restored at the stable asset URL; unused candidate retained for rollback.,,,
,UNLINKED_FILE,false,false,transparent-6589d94e4ddd4fc8945ba0db2c55c0af.png,transparent-6589d94e4ddd4fc8945ba0db2c55c0af.png,transparent-6589d94e4ddd4fc8945ba0db2c55c0af.png,,675814,360548439407bcfaf17c801975f06fcf501c9f2dd21891633a3f63cb37f88e52,,withheld-candidate,Checkerboard QA showed the cutout removed the separate 120gm callout from the Dot & Key product image; original restored. Original file is restored at the stable asset URL; unused candidate retained for rollback.,,,
,UNLINKED_FILE,false,false,transparent-eed81e91a1014e3d9e7c3c7ea4f42143.png,transparent-eed81e91a1014e3d9e7c3c7ea4f42143.png,transparent-eed81e91a1014e3d9e7c3c7ea4f42143.png,,1088507,2175f42174e162c850114f3ba0126b9e74465553064730830807996c1f12678b,,withheld-candidate,Checkerboard QA showed the cutout made the detached white Cetirizine tablets semi-transparent. Original file is restored at the stable asset URL; unused candidate retained for rollback.,,,
frontend/public/pwa-icon-192.png,STATIC_UI,true,true,pwa-icon-192.png,pwa-icon-192.png,pwa-icon-192.png,image/png,3357,9adc18ca39dbc69bb459d2cdbff14628726badf78422d34709a566c664af8c25,/pwa-icon-192.png,already-transparent,Repository-managed UI/icon image already has real alpha; retained unchanged.,,,0.06269
frontend/public/pwa-icon-512.png,STATIC_UI,true,true,pwa-icon-512.png,pwa-icon-512.png,pwa-icon-512.png,image/png,13054,84cff7e1cd1ee5200020757db32da5e487e12860751f86ac1d66d63dc8eb5558,/pwa-icon-512.png,already-transparent,Repository-managed UI/icon image already has real alpha; retained unchanged.,,,0.06597
frontend/public/trust-delivery-nepal.png,STATIC_UI,true,true,trust-delivery-nepal.png,trust-delivery-nepal.png,trust-delivery-nepal.png,image/png,1398785,b4c09ad9abaad44cc78be8772d13f226da2817a5f018ad3a010e5d8be288c683,/trust-delivery-nepal.png,already-transparent,Repository-managed UI/icon image already has real alpha; retained unchanged.,,,0.49221
frontend/public/trust-product-information.png,STATIC_UI,true,true,trust-product-information.png,trust-product-information.png,trust-product-information.png,image/png,891619,6458a21e1e6a8a45f0c4273e93126c7b0ba4ba768c536363b352af49fe2ddafe,/trust-product-information.png,already-transparent,Repository-managed UI/icon image already has real alpha; retained unchanged.,,,0.56321
frontend/public/trust-verification.png,STATIC_UI,true,true,trust-verification.png,trust-verification.png,trust-verification.png,image/png,1131831,7391bd7beae69019d843b8abc6fc750b74b015be392ac0152da943e6a80c3383,/trust-verification.png,already-transparent,Repository-managed UI/icon image already has real alpha; retained unchanged.,,,0.50681
frontend/public/viber-logo.png,STATIC_UI,true,true,viber-logo.png,viber-logo.png,viber-logo.png,image/png,1459,7e1432f6acd18cf7836c10cce43b0e60af38945b6f3eacefd6704acfd37a2e4d,/viber-logo.png,already-transparent,Repository-managed UI/icon image already has real alpha; retained unchanged.,,,0.89136
